{"cameraMode":{"drawMode":0,"name":"Shaded","section":"Shading Mode"},"sceneLighting":true,"audioPlay":false,"sceneViewState":{"m_AlwaysRefresh":false,"showFog":true,"showSkybox":true,"showFlares":true,"showImageEffects":true,"showParticleSystems":true,"showVisualEffectGraphs":true,"m_FxEnabled":true},"in2DMode":false,"pivot":{"x":2.1737730503082277,"y":3.8873584270477297,"z":10.33140754699707},"rotation":{"x":0.0704415813088417,"y":0.0014963758876547218,"z":-0.00010564819240244105,"w":0.9975153207778931},"size":10.793105125427246,"orthographic":true}